train_loss,val_loss
4.0484216626485185,2.1768295764923096
1.342812769677904,0.6438863277435303
0.5694506947199504,0.4727058410644531
0.4594241448243459,0.3663214445114136
0.34960464980867173,0.28276342153549194
0.2724473463164436,0.23495833575725555
0.22843453526496887,0.20108889043331146
0.19707792845037247,0.17649905383586884
0.1703448122077518,0.1520160585641861
0.1466062859694163,0.13053524494171143
0.12800020691421296,0.11833714693784714
0.10872205982605616,0.09695262461900711
0.08997065365314484,0.08029674738645554
0.07502682920959261,0.06467343121767044
0.061303209645880596,0.05662854015827179
0.05313078024321132,0.048004042357206345
0.04561905218495263,0.044018302112817764
0.04057908475399017,0.03832370042800903
0.036590362621678245,0.03469903767108917
0.03270230030020078,0.02968072146177292
0.029284178117911022,0.028390634804964066
0.028092512695325745,0.026629971340298653
0.026261562315954102,0.029422901570796967
0.027711713471346433,0.028074562549591064
0.02603000351952182,0.024738352745771408
0.023741853386163712,0.02379653789103031
0.023440926571687063,0.02203020080924034
0.02206237875752979,0.02223876863718033
0.020842930724223455,0.02086476981639862
0.02004828416638904,0.020472506061196327
0.020057981030808556,0.024455979466438293
0.021641996055841446,0.02344672381877899
0.020790935481588047,0.019315382465720177
0.01904115682674779,0.019501088187098503
0.017668134197592736,0.01725185103714466
0.01622904804845651,0.0170204546302557
0.01580409445696407,0.017145203426480293
0.01634024960713254,0.016272583976387978
0.015238153094218837,0.01614021137356758
0.014718372354076968,0.016223136335611343
0.014414871831734975,0.014950884506106377
0.013807273333271345,0.014192993752658367
0.013410331801407866,0.01425313949584961
0.013283579949703481,0.017086023464798927
0.014262758087780741,0.015162527561187744
0.014109668487475979,0.01570666953921318
0.013957207691338328,0.01400423888117075
0.012830650574631161,0.014412786811590195
0.013212282918393612,0.013155470602214336
0.012274137110345893,0.016133064404129982
0.013163236056764921,0.012398488819599152
0.011486230803032717,0.012130859307944775
0.011383364159199926,0.012646272778511047
0.011018438157108096,0.012351910583674908
0.01109615152908696,0.011694014072418213
0.01051777278797494,0.011119735427200794
0.010408077753252453,0.0113157257437706
0.0104304565075371,0.010810316540300846
0.009959768681890436,0.010810318402945995
0.01003537184248368,0.014151867479085922
0.011920113753941324,0.012170635163784027
0.010639179245465332,0.011345194652676582
0.011860451652771897,0.013663254678249359
0.014751803444491493,0.01619781367480755
0.018197950911190773,0.019615041092038155
0.015535327614181572,0.015448111109435558
0.014247126049465604,0.014014392159879208
0.011439357739355829,0.010363859124481678
0.009735867981281546,0.010486026294529438
0.009192614298727777,0.011009271256625652
0.009454504864083396,0.014278162270784378
0.011024492867290974,0.009774711914360523
0.009448163447280725,0.009808518923819065
0.009024418257176876,0.010917415842413902
0.009325918845004506,0.009301516227424145
0.008415894353141388,0.009058978408575058
0.008468321156170633,0.011363662779331207
0.009243277654879622,0.011258311569690704
0.009730508592393662,0.010262657888233662
0.008576586035390694,0.00872654840350151
0.00799146189664801,0.008737856522202492
0.00786932576033804,0.008576508611440659
0.007632855083793402,0.008633921854197979
0.007764527565903134,0.008208581246435642
0.007483463659882545,0.007998400367796421
0.007227083028604587,0.007603667210787535
0.0071798478977547755,0.009136359207332134
0.008053400735888215,0.008306934498250484
0.007425184210555421,0.008775122463703156
0.007717039945224921,0.008579703979194164
0.007512387267003456,0.007666607387363911
0.00703480785091718,0.008723183535039425
0.007456517836285962,0.008198159746825695
0.00830236054956913,0.008241018280386925
0.009000311253799333,0.01160877849906683
0.008543156873848703,0.009164952673017979
0.0075787010126643715,0.008297672495245934
0.007809942399875985,0.008034533821046352
0.007816286236047744,0.008133678697049618
0.007266632918682363,0.008419989608228207
0.007153559395422538,0.00785859301686287
0.006824231298847331,0.007886665873229504
0.006673514451831579,0.0075684902258217335
0.006723259045845933,0.007944541983306408
0.006947245672345162,0.008071191608905792
0.007455318350758818,0.007496117148548365
0.0070719441688723034,0.010129706934094429
0.007644040818429655,0.008554698899388313
0.007399992338485188,0.0081980274990201
0.00697448338692387,0.007025961764156818
0.006688069744656484,0.007182041648775339
0.006271484949522548,0.007168935611844063
0.006471013586140341,0.00730950478464365
0.0061431954759690495,0.00715282466262579
0.006133475253979365,0.006705426145344973
0.005961476626495521,0.006654085125774145
0.00585430844169524,0.006405328866094351
0.005785762516574727,0.006963605526834726
0.0072852042234606215,0.007840811274945736
0.006561333630234003,0.014031813479959965
0.01026975281536579,0.008956341072916985
0.00918189126998186,0.008572880178689957
0.0073923668844832315,0.0073207076638937
0.0063697366768287285,0.0075480141676962376
0.006518717091530561,0.00728335278108716
0.0060299708921876215,0.006564314477145672
0.005615919095774491,0.006606040522456169
0.005544326872461372,0.006346127483993769
0.0056355645507574085,0.0065834843553602695
0.0058169782161712645,0.007284254767000675
0.006488153727518188,0.006641157437115908
0.006197638586163521,0.014019975438714027
0.009236326466004054,0.007810950744897127
0.0070414556583596605,0.008153012953698635
0.006221036348077986,0.008159540593624115
0.006273915755252044,0.006441951729357243
0.006084542301379972,0.006808332167565823
0.005819246617870199,0.006804260890930891
0.006098261239627997,0.009457290172576904
0.007050458712296354,0.007648747880011797
0.0058824688320358596,0.007203591521829367
0.005681868139654398,0.005925288423895836
0.00505714605251948,0.005947491154074669
0.00502226774684257,0.00562836229801178
0.0047746412538819845,0.0055238292552530766
0.004797122685445679,0.005659041460603476
0.0052295759630699955,0.005999399349093437
0.005105665266099903,0.005828766152262688
0.005653332196589973,0.005760356783866882
0.0059120251528090905,0.005256018601357937
0.006543917684919304,0.005238617770373821
0.005078650874396165,0.005114063620567322
0.004890745606066452,0.005918428767472506
0.005183907227797641,0.005925258621573448
0.005136102495921982,0.005449018906801939
0.004775353046134114,0.005377671681344509
0.004549809547348155,0.004988957662135363
0.004619719557878044,0.0049903118051588535
0.004542481818546851,0.005017476622015238
0.004541509633676873,0.005196350160986185
0.004470043655277954,0.005022471770644188
0.004525196330828799,0.006472322624176741
0.005016838341123528,0.00531096663326025
0.004475114051666525,0.005436706356704235
0.004497876223176718,0.005034138448536396
0.004517881617777877,0.005310414358973503
0.005007260743942526,0.005484509747475386
0.004837995860725641,0.0057542817667126656
0.004589161607954237,0.0055117178708314896
0.004474704493251112,0.005475489888340235
0.004608493981262048,0.006986616645008326
0.005610920542644129,0.005099182948470116
0.004615586379335986,0.004977472126483917
0.004539429893096288,0.0052791619673371315
0.004607456841816505,0.005232634488493204
0.004547405087699493,0.0060614957474172115
0.005175021684004201,0.005054078064858913
0.005662860282593303,0.007201564963907003
0.005800935154159864,0.006317716557532549
0.0052332194066709945,0.005857523530721664
0.00480385376761357,0.006598642561584711
0.004722462598648336,0.012302437797188759
0.007804051538308461,0.009522143751382828
0.006477597989141941,0.006396667566150427
0.005117161305000385,0.004957692231982946
0.0046113424603309895,0.0055799586698412895
0.004460545935564571,0.006096156779676676
0.004748970862064096,0.005283672828227282
0.004276899415999651,0.00549384206533432
0.004459872998090254,0.004652438219636679
0.004088802381108205,0.0047100079245865345
0.004265627918971909,0.006422076374292374
0.004654982624989417,0.004463020712137222
0.00443381319857306,0.007168036885559559
0.005028302079687516,0.005649890750646591
0.004431052628076739,0.0048700845800340176
0.004169649221003055,0.006331271957606077
0.004626380197910799,0.00465937377884984
0.00398281489395433,0.004347620531916618
0.0037708281228939692,0.005217353813350201
0.004113246717800697,0.004533001687377691
0.004355469927605655,0.004272217862308025
0.004613251189390819,0.0043447911739349365
0.005129979203144709,0.004613034892827272
0.004309909710039695,0.01032564789056778
0.00687971384368009,0.006309167481958866
0.006203303690999746,0.005861877929419279
0.00460842267713613,0.004366602748632431
0.0039052579903768167,0.004697707481682301
0.004081095575044553,0.00591620896011591
0.00424276553094387,0.004057100508362055
0.0037403366828544274,0.0040860772132873535
0.0034612927730712627,0.004703314509242773
0.0038142894881053103,0.004202180542051792
0.0037279566553317838,0.006008616182953119
0.004588044095370504,0.005963073577731848
0.004354760299126307,0.0040648141875863075
0.0037085510604083537,0.004115780349820852
0.0035525419656187297,0.004326735623180866
0.0034745953790843486,0.005390103440731764
0.0040308209746662115,0.0055008865892887115
0.0041227019340213805,0.004241372924298048
0.0035876162619226507,0.004020710475742817
0.0034156492114480997,0.004059541504830122
0.003395075433784061,0.003933451604098082
0.003233772821517454,0.0037770515773445368
0.0031796310800645084,0.003954298794269562
0.0035968111734837292,0.00427017267793417
0.0035508881323039533,0.0040936581790447235
0.0036461560510926776,0.004019126761704683
0.003569297070304553,0.004498222842812538
0.003886349451624685,0.005270223133265972
0.00397036947723892,0.0046633766032755375
0.0037140725708256165,0.0037979271728545427
0.0032896366301510068,0.004167507402598858
0.003513727696198556,0.0038915390614420176
0.003330103015113208,0.004097792319953442
0.003313681602271067,0.0038642415311187506
0.0032776858895603154,0.003952620085328817
0.003284763813846641,0.0037739661056548357
0.003408906634690033,0.003669949946925044
0.003273571967664692,0.004174450412392616
0.0034782423513631026,0.004641049541532993
0.0036073905819406114,0.004537622909992933
0.003599265975256761,0.004214874003082514
0.003442962755345636,0.0036849624011665583
0.0033244235979186165,0.004176449030637741
0.0034878784594022565,0.004338673781603575
0.003917361830050746,0.006362611893564463
0.004835358647008737,0.004736096132546663
0.003678591233781642,0.00374392606317997
0.0033385480371200377,0.0040579126216471195
0.003912221704506212,0.006341089028865099
0.004681309584735168,0.006984422914683819
0.0045804470922384,0.004434461705386639
0.003325022274835242,0.0038472318556159735
0.0036337313780354127,0.004234782420098782
0.004031627687315146,0.005731125827878714
0.004195146181931098,0.0053061735816299915
0.005125297757072581,0.006980774458497763
0.004568776104392277,0.006408081855624914
0.0048177734058764245,0.0053314147517085075
0.004907964581830634,0.004513770807534456
0.004882824240873257,0.003986241761595011
0.0034954213226834935,0.005059645511209965
0.003816029781268703,0.003783061169087887
0.003119558680595623,0.003878266317769885
0.0030852732569393183,0.0035769834648817778
0.0030201544447077647,0.0037151086144149303
0.0030240434708280694,0.003727286122739315
0.0030714031795246732,0.0038676299154758453
0.0030512385297980574,0.0035787641536444426
0.0030543820860071316,0.003578474745154381
0.0029303588759568002,0.003483307082206011
0.003089821025108298,0.004294950049370527
0.0035568585722810693,0.003959644120186567
0.003305829825500647,0.0036342584062367678
0.003159495008488496,0.0035161913838237524
0.0028419647376156515,0.003544810228049755
0.0027993076460229027,0.003782006911933422
0.003061373470765021,0.0034578866325318813
0.003274124434424771,0.0035365638323128223
0.0032020692723906704,0.0035286571364849806
0.002977921488798327,0.0035818335600197315
0.0030260922335502176,0.0033528259955346584
0.0028332518506795166,0.0042825061827898026
0.0032447129995044734,0.0033793863840401173
0.003067746042377419,0.0032627552282065153
0.0030223867452392975,0.00413415627554059
0.006111747928791576,0.006886335555464029
0.0051965472826527226,0.0057792384177446365
0.004773964519715971,0.004256509710103273
0.003923296552772323,0.0037765318993479013
0.0031430729499293698,0.004710547626018524
0.003529427666217089,0.0037074568681418896
0.003121568915537662,0.003468381706625223
0.002871251256308622,0.004794673062860966
0.00432423892741402,0.0051463874988257885
0.003551031520797147,0.0038725652266293764
0.0032175101733042132,0.005040620919317007
0.004084327840763661,0.0041624875739216805
0.0037057619479795296,0.004686645232141018
0.0033254002779722213,0.004691835958510637
0.0033593566239708,0.0066942134872078896
0.004437980360041062,0.0043251835741102695
0.003444076678198245,0.004063930828124285
0.0033282947716199687,0.00339221372269094
0.0034570287933780087,0.0033824853599071503
0.003318756479356024,0.003689362434670329
0.0033245676559292606,0.0032372588757425547
0.0028339112467235987,0.003465987741947174
0.0038861696960197554,0.003370746271684766
0.0046526656527486115,0.0035592205822467804
0.0042429498458902044,0.004074787721037865
0.0035389795381989744,0.004582393914461136
0.003292614679990543,0.003606094280257821
0.0028086121452765333,0.0033624405041337013
0.0027226439780659146,0.0034212013706564903
0.002694163605984714,0.0032401802018284798
0.002557971400933133,0.003208987647667527
0.00260960693574614,0.0036599296145141125
0.0028467949386686087,0.003252152819186449
0.00285564992369877,0.005217992700636387
0.003416198314064079,0.0035288191866129637
0.0029689928909970653,0.003561974735930562
0.002821056375073062,0.0034939132165163755
0.002723133693345719,0.0031536531168967485
0.0027781848464575078,0.0030725959222763777
0.002706729710722963,0.003235765965655446
0.0026893257732606597,0.003162539331242442
0.0025296741423921454,0.0031107922550290823
0.0025056199977795284,0.003064226359128952
0.002499813484027982,0.004077710676938295
0.0029697723655651015,0.0036178838927298784
0.002817039682219426,0.00436992384493351
0.0031388984020385476,0.003735616337507963
0.0031774477567523716,0.003678490873426199
0.0028873604556752578,0.0031555495224893093
0.002716924445703626,0.0031836654525250196
0.002558652644770013,0.0029489058069884777
0.0024090318837099605,0.0028750868514180183
0.0023256875139971572,0.002982394304126501
0.0024020983102834887,0.00457284040749073
0.0033510354006042083,0.00365089881233871
0.002910646480611629,0.003099976107478142
0.002630620224194394,0.004390315152704716
0.0032684227451682092,0.003963100723922253
0.003079111615402831,0.0034902223851531744
0.002858593031350109,0.0032511174213141203
0.002743704703946908,0.0030614614952355623
0.0024651347297347252,0.0029137716628611088
0.002353378189727664,0.0029909340664744377
0.002429633711775144,0.0030682634096592665
0.002446721975381176,0.002924248343333602
0.0023903769854870106,0.0031817674171179533
0.0037820804781383936,0.003095450112596154
0.0044571577043583,0.005115463398396969
0.00492534844411744,0.004356641788035631
0.0056596272407720485,0.004722550977021456
0.005247283468229903,0.011428597383201122
0.006363144558336999,0.003967943135648966
0.003652908571271433,0.004564490634948015
0.0034944973575572174,0.004099814686924219
0.0031417352602713636,0.0036784899421036243
0.002857710546296504,0.003088346915319562
0.002650981204998162,0.0032465863041579723
0.0026132322972019515,0.0038041570223867893
0.0027301630998651186,0.002931252121925354
0.0024674047622829675,0.0053041847422719
0.0033500825572344993,0.0033757362980395555
0.003139684893604782,0.003028534585610032
0.0033316497835848067,0.003855624934658408
0.0026361004304554726,0.00287628429941833
0.002428215356129739,0.00299140065908432
0.002513999802370866,0.00309654395096004
0.0029145886231627728,0.005084692034870386
0.0031416172047870027,0.004039483144879341
0.0029068617998725837,0.003188981441780925
0.0025026595571802724,0.0031151240691542625
0.002436600322317746,0.003000915050506592
0.002579134296004971,0.0031391961965709925
0.002773567046970129,0.003524214029312134
0.0026969421261714564,0.003265529638156295
0.0025009684388836227,0.003357947338372469
0.002643876543475522,0.003769165137782693
0.0030220435808102288,0.0034972112625837326
0.003381574952767955,0.003030870109796524
0.0028000422577477164,0.0031157357152551413
0.00315864524183174,0.0032794326543807983
0.004054794834098882,0.0032650111243128777
0.003933698006181254,0.003866087179630995
0.0036723079801433615,0.00469596590846777
0.00720828007078833,0.015469131991267204
0.008290023313214382,0.0062766894698143005
0.005182655145310694,0.004801594186574221
0.003891617956881722,0.004881284199655056
0.003605314827420645,0.0039455220103263855
0.003261324122755064,0.0034875457640737295
0.0029648847008744874,0.0034032256808131933
0.002575580737450057,0.0041984920389950275
0.0030070118544002376,0.0033237941097468138
0.002510994841448135,0.0029942672699689865
0.0025650329794734716,0.0033974801190197468
0.002463586415267653,0.003799598664045334
0.0026275596415830985,0.0031487790402024984
0.002763418832586871,0.002838952699676156
0.0023055318867166836,0.0031983964145183563
0.0024098130584590963,0.0031685971189290285
0.0030763608403503893,0.002843329915776849
0.0025951841266618836,0.0031484784558415413
0.0023795474998445977,0.0027817904483526945
0.0021630337761922016,0.0026126476004719734
0.0021421206452780298,0.0025615394115448
0.002075967014663749,0.002473547589033842
0.0019851400806672045,0.0025101318024098873
0.0019634248000673124,0.0026288824155926704
0.0020726033227725163,0.0027402997948229313
0.002255619192082021,0.0026561878621578217
0.002429619479096598,0.003111401339992881
0.0028925303659505315,0.003410567529499531
0.0025054959704478583,0.004372013732790947
0.003052821440829171,0.008210202679038048
0.004142281154377593,0.004562932997941971
0.0035221342690702944,0.004771078936755657
0.0032591806165874005,0.0031843867618590593
0.0025884816909415853,0.003109820419922471
0.0024438795431827504,0.0028726388700306416
0.0022832108087216816,0.002841469133272767
0.0022444778944676123,0.0026820548810064793
0.002269766472486986,0.002638234756886959
0.0021550114147572052,0.003013286739587784
0.002248192289844155,0.0025901724584400654
0.002289642855111096,0.002583662047982216
0.0021145630141513215,0.0026162555441260338
0.0020413215406652955,0.00328356702812016
0.002453581103020244,0.003954178653657436
0.002672119788411591,0.004596651066094637
0.0029234011316051087,0.008520522154867649
0.004490508426808649,0.005082173738628626
0.0035407441926913127,0.003281006123870611
0.002983577282478412,0.0036556061822921038
0.003778405324038532,0.0036003952845931053
0.0044895029523306425,0.002866410417482257
0.004167860767079724,0.002947369357571006
0.0030812465647856394,0.0027682408690452576
0.0029218718202577696,0.005683953408151865
0.004244140468330847,0.003687423886731267
0.0024915987046228516,0.0026906172279268503
0.0023358804836041396,0.002875987906008959
0.002221488926766647,0.0032377017196267843
0.002215338745671842,0.002491910243406892
0.002045584863776134,0.002396402647718787
0.0019314526000784502,0.0024547772482037544
0.001924198834846417,0.002352998126298189
0.0018809850560501217,0.002447328995913267
0.0019202739533243907,0.002965420251712203
0.0022110011242330073,0.00255406042560935
0.002166550646846493,0.0025740833953022957
0.002043594887169699,0.0027711461298167706
0.002074454060445229,0.00241721048951149
0.001970051559102204,0.002535849343985319
0.0020442352319757144,0.0028074318543076515
0.00213210875271923,0.002782447962090373
0.0021450028154585098,0.0025258830282837152
0.002099461103789508,0.0033527077175676823
0.0023214131785142754,0.0029496976640075445
0.002353180315759447,0.002663656137883663
0.0021500236949779923,0.0024280468933284283
0.002014384301793244,0.002517654560506344
0.0019805636246585183,0.002754335757344961
0.0021714426132125987,0.0026076450012624264
0.002027269834652543,0.0024986371863633394
0.001971309751065241,0.0026795873418450356
0.0021013787544022005,0.002952494425699115
0.0026992724825524624,0.0031600818037986755
0.0023697760990924305,0.002669506473466754
0.002147106525177757,0.003109406214207411
0.0021911607941405642,0.0025869214441627264
0.0020280360316650733,0.0026133006904274225
0.001969227511435747,0.0024907835759222507
0.0019295569731750423,0.002472989959642291
0.001911263330322173,0.00253506563603878
0.0019324900628998876,0.0024895125534385443
0.0018889055251040392,0.002385527128353715
0.0018838417892240815,0.0024108458310365677
0.0018501958737356795,0.002651824150234461
0.0020402551592431134,0.002619221806526184
0.001963040473767453,0.0023887003771960735
0.0018956409850054317,0.002310366602614522
0.0018231427886833747,0.0023354883305728436
0.0019129527763773998,0.0023718837182968855
0.0018567330328126748,0.002300865249708295
0.001861311643798318,0.002430432243272662
0.00198655779990885,0.0025650355964899063
0.0020905473745531505,0.002993399975821376
0.0025509578424195447,0.0027861648704856634
0.0020839010380829374,0.002599807921797037
0.0020042221227453815,0.0028250550385564566
0.0020437970012426375,0.002579385880380869
0.002068270359498759,0.002417696639895439
0.0019302610908117559,0.0026152478531003
0.002078646248103016,0.0023898971267044544
0.0019688602552438775,0.002421376761049032
0.002031193059972591,0.003771549556404352
0.0028360600748823747,0.00637806998565793
0.008272423663487037,0.03907842934131622
0.017991367686125966,0.008866200223565102
0.007832126838879452,0.005445851478725672
0.005035985503345728,0.005337419919669628
0.003847891999822524,0.0051362342201173306
0.0037722126187549696,0.004230067133903503
0.0030337156055288183,0.003890654072165489
0.002816503192815516,0.0031115838792175055
0.0023113389178696605,0.002799849258735776
0.002078519680847724,0.002799015725031495
0.0020265203916157285,0.002496683970093727
0.0020080671164517602,0.0024582319892942905
0.0018332025532921156,0.0024628336541354656
0.0018912986179606783,0.0025331121869385242
0.0019504236440277762,0.0024364066775888205
0.0018749990014152395,0.0023063141852617264
0.0017904503007108966,0.0023359358310699463
0.0018804923724383116,0.0036117236595600843
0.002713930322271254,0.0028074218425899744
0.003721261479788356,0.004037813749164343
0.0025490902892003455,0.0024992020335048437
0.0019637160437802476,0.002481211209669709
0.0019408640151636469,0.0023915141355246305
0.0018605467547766037,0.0034314990043640137
0.0025094949138454265,0.002556032268330455
0.0018571348472808799,0.002775765024125576
0.0019369548248747985,0.002464855322614312
0.001966281968375875,0.0023004545364528894
0.0018173756186539928,0.002436152659356594
0.0017844562356670696,0.0024321204982697964
0.0018396461123807563,0.0023610973730683327
0.001743362156363825,0.0024207928217947483
0.0017866544254745047,0.002369892317801714
0.0018005795404314995,0.00350651191547513
0.0024433290492743252,0.002625047229230404
0.0020026322112729152,0.0024530868977308273
0.0019395484930525223,0.0025062926579266787
0.0020279268516848483,0.0029275112319737673
0.0023896302086197667,0.003771410556510091
0.0025631540413531993,0.002363609615713358
0.0023246160335838794,0.012531807646155357
0.005728666066295571,0.004692445043474436
0.0033897060756054188,0.009187690913677216
0.004942203950550821,0.004347906447947025
0.004276914253003068,0.005349240731447935
0.0036915070191025734,0.005983742885291576
0.003431885594295131,0.005733210127800703
0.01629911748588913,0.021744392812252045
0.021914352199269665,0.01952374540269375
0.012272194897135099,0.01269587129354477
0.007721291252722343,0.006391732022166252
0.004614649283596211,0.005544969346374273
0.0037248103051549858,0.003545233514159918
0.0028303097819702494,0.0029907752759754658
0.002424453085598846,0.0028743643779307604
0.0021224182916598187,0.0028228515293449163
0.002039597370247874,0.0026320870965719223
0.0020497687585237954,0.002690315479412675
0.0020752012284679547,0.002378920093178749
0.0018539356755920583,0.002277600346133113
0.0017609692437367307,0.0023051684256643057
0.0017759179955141413,0.002205903409048915
0.0017347641366844376,0.0022638151422142982
0.0017042824481096532,0.0021973312832415104
0.0016416158941056993,0.002253561979159713
0.0016618297481909394,0.0023587674368172884
0.0017294210862989227,0.0022986100520938635
0.001690654943490194,0.0021596832666546106
0.001622652330228852,0.002105053747072816
0.0016192297684028746,0.002262979745864868
0.0016968757850635383,0.0022181642707437277
0.0016389915248793032,0.0021781502291560173
0.0016429555297104849,0.002127989660948515
0.0016347281184668342,0.0021822256967425346
0.001658117374819186,0.0021307223942130804
0.0016239437807558312,0.002132566412910819
0.0016120259287870592,0.0021643447689712048
0.001631141740621792,0.0021292546298354864
0.0016560115261624257,0.002210470149293542
0.0016644827276468277,0.002274248516187072
0.001673045370520817,0.00214991788379848
0.0016718775985969437,0.00213671219535172
0.0016381087676725454,0.0021824745927006006
0.0016196652232772775,0.0020476840436458588
0.0015566852481828796,0.0021157790906727314
0.0015785962958923645,0.002105102641507983
0.0016098594924228058,0.0023445249535143375
0.0016917211986664268,0.0021778710652142763
0.0016445018335555991,0.002215566113591194
0.0016606121065302027,0.0021210515405982733
0.00162773079963194,0.002352622337639332
0.0016838811710476874,0.0022738995030522346
0.0016819927148107026,0.002354078460484743
0.0017519972680343522,0.002115054288879037
0.0017003621999174357,0.002118293894454837
0.001582987462170422,0.0022229705937206745
0.001619562332311438,0.0021039005368947983
0.0015935422350755997,0.0023587460163980722
0.0017406598447511593,0.0021773353219032288
0.0016938362979433603,0.00222594803199172
0.001974185508572393,0.003855370217934251
0.002853002430250247,0.00361664523370564
0.00279478976658235,0.00268415710888803
0.0019118531048297881,0.003022446995601058
0.002011532284733322,0.002615921897813678
0.0019469653840901123,0.0025258383248001337
0.0018645744858723549,0.0024537784047424793
0.0017742135975923803,0.002142941812053323
0.0017357270295421284,0.002119759563356638
0.0016863278604836928,0.002284897258505225
0.0018611891572881075,0.0021451564971357584
0.001764156555549966,0.0024528324138373137
0.0017892218567430974,0.002199148293584585
0.0016705288179218768,0.0025278772227466106
0.0017466236816512215,0.002092686016112566
0.0015958224350793495,0.002125486033037305
0.0015979683347460297,0.002410199726000428
0.0017321607077287304,0.0024760712403804064
0.0019026625104662444,0.0023595697712153196
0.001845883899885747,0.002329838927835226
0.001669316299052702,0.0025866341311484575
0.0017646284913644195,0.002158351708203554
0.00158312628356119,0.002122144913300872
0.0015859113390453987,0.002241538604721427
0.0017179551524006658,0.002857096027582884
0.0019220208681912886,0.002514889696612954
0.001763995016614596,0.002378718229010701
0.0019664699677377937,0.0023629285860806704
0.0017687118141394523,0.002501540817320347
0.0017935932556995087,0.0021690416615456343
0.001909163465930356,0.0022475882433354855
0.001659000316220853,0.002138479147106409
0.0017176055437367822,0.002184651093557477
0.0018278786038152047,0.002208099002018571
0.0017382523277774454,0.002084583742544055
0.0022268557527826893,0.0022959685884416103
0.0020994833308375545,0.005814408417791128
0.0031321571498281425,0.002660715486854315
0.0025625694677647616,0.003081316826865077
0.002573793405253026,0.00273941271007061
0.001990221627056599,0.002365094842389226
0.0018305425418333875,0.002342717722058296
0.0017495875945314765,0.002361785853281617
0.0017176941301052769,0.0020797159522771835
0.0015837113766206635,0.002074622316285968
0.0014986316564803322,0.001999899046495557
0.0015325022923449675,0.0021579416934400797
0.0016065234023456773,0.0032748738303780556
0.00229962811494867,0.0020791180431842804
0.0017574839480221272,0.0031638159416615963
0.002402316712670856,0.002753668464720249
0.00230035410883526,0.0024843313731253147
0.0018083200841728184,0.0023334708530455828
0.0017228183331381944,0.002361306454986334
0.0017415872345575027,0.002359125530347228
0.0017605846038916044,0.00222407397814095
0.0016964348669474324,0.0022211791947484016
0.001643983701037036,0.0021871370263397694
0.0015707719331193302,0.001974182203412056
0.0014880547346547246,0.0019545252434909344
0.001443721717223525,0.001962740672752261
0.001445195462761654,0.0020856503397226334
0.0015275634235392013,0.0020981738343834877
0.0015203297417610883,0.0026482371613383293
0.0018278868925861187,0.002464069752022624
0.0017466893916328748,0.0031976031605154276
0.002073221466400557,0.00235848780721426
0.0017523336389826405,0.0021437902469187975
0.0016255358290962047,0.0022862376645207405
0.0015739332455106908,0.0022675557993352413
0.0017316725658666756,0.002016577636823058
0.00165511024546706,0.002206476405262947
0.0016215263824496005,0.0020517196971923113
0.001642601070408192,0.002212436869740486
0.001623215047746069,0.0021293212193995714
0.0015593830573682984,0.0023025786504149437
0.0016088769947075181,0.002009464194998145
0.0015607016543961233,0.0021274113096296787
0.0015943602208668987,0.002038327045738697
0.0015931319647158185,0.0019451428670436144
0.001792432677725123,0.002011515898630023
0.0019311186065897345,0.0028174782637506723
0.002070759606237213,0.0035889807622879744
0.0024579411377716395,0.0024079664144665003
0.002636542579986983,0.0036558653227984905
0.0024732514786430532,0.003179071703925729
0.0023668801872473626,0.0027210949920117855
0.0024724922618932195,0.00208405964076519
0.001866538795746035,0.002328513888642192
0.0016834435756835672,0.00285929162055254
0.0018226777379297548,0.002266951836645603
0.0017788032385417157,0.00229412829503417
0.0016502398159354925,0.002151019172742963
0.0015769733478211694,0.0020267933141440153
0.0014980194991868403,0.0023425365798175335
0.001676176878520184,0.002730938605964184
0.0019621283183288243,0.002179765375331044
0.001772624444630411,0.0022420817986130714
0.0017982772370386455,0.0022251380141824484
0.0015805749336464537,0.0019160308875143528
0.0014202102278876635,0.0019898242317140102
0.0014753197562984294,0.0019262534333392978
0.001428911730957528,0.0019747556652873755
0.0014137210997028484,0.0019605911802500486
0.0014297655250670182,0.001926878117956221
0.0013948975518966714,0.0019812453538179398
0.0014279827734248506,0.0020125836599618196
0.001444415246239967,0.0018988095689564943
0.001411837158828146,0.002416724106296897
0.001629339163709018,0.0019479693146422505
0.0014375858878095944,0.002252677921205759
0.0016414503830795486,0.0024964669719338417
0.0018061770633276966,0.0019558309577405453
0.0016559141770833069,0.0024901998694986105
0.001771931354370382,0.0021924299653619528
0.0015723243195356594,0.0020107971504330635
0.0016257885326113966,0.0031054329592734575
0.001911738448155423,0.0021401660051196814
0.0018364401679072115,0.0020673794206231833
0.0017078292256014216,0.002069697482511401
0.0018534710972259443,0.002300702966749668
0.0018463930037493506,0.002644420601427555
0.002047296962700784,0.0024249327834695578
0.0017386825977721149,0.001994853839278221
0.0015381060571720202,0.00211561331525445
0.0014802836533635854,0.0018856226233765483
0.001385082936224838,0.0019209303427487612
0.001383396366921564,0.0018585853977128863
0.001409294170120524,0.0020570335909724236
0.0014696139086865716,0.0019190310267731547
0.001414439783224629,0.0019784749019891024
0.0014063870844741662,0.0020304021891206503
0.0014316377954350578,0.002024061046540737
0.001453770679525203,0.0018879111157730222
0.0014842518538029658,0.0021703580860048532
0.0015141212676341336,0.0024276573676615953
0.001998165503351225,0.0022443444468080997
0.0018887779158022668,0.002283289795741439
0.001680695759649906,0.002297645900398493
0.0015987613455702861,0.0020462903194129467
0.001512948759417567,0.0019507631659507751
0.0015893039205628966,0.0020898713264614344
0.0027381203654739594,0.004593718331307173
0.0035167820565402508,0.008645323105156422
0.003567079763031668,0.004597132559865713
0.003111670108305083,0.0032689478248357773
0.002499552969303396,0.002812745748087764
0.002589542658792602,0.005081046372652054
0.0027048078800241153,0.0026123742572963238
0.002151949155247874,0.0032403168734163046
0.0025218206882062885,0.0028687503654509783
0.001977285823991729,0.0024012853391468525
0.0016082565243252449,0.0025539612397551537
0.0018353613233193756,0.0034004312474280596
0.002089249516526858,0.003208303824067116
0.0020140576688572765,0.002112322486937046
0.0015136670636840992,0.0019331335788592696
0.001447403778632482,0.0020991472993046045
0.0014429530873894692,0.0030880935955792665
0.001879208706215852,0.0019090627320110798
0.0014644384353111187,0.0018318489892408252
0.0013591021894373827,0.002314216922968626
0.00154743323309554,0.002054301556199789
0.0015585179699377882,0.0018925998592749238
0.0014497843814185924,0.0019566440023481846
0.0014253114101787409,0.0023576724343001842
0.0015859421389177442,0.0019707423634827137
0.001431558747879333,0.0019353108946233988
0.0014468654296878312,0.0018385531147941947
0.001379809206765559,0.001958883134648204
0.0013651451287377211,0.0018466843757778406
0.0013465698347944353,0.0018194621661677957
0.0013628839747980236,0.002532040933147073
0.0016948743319759767,0.002264231676235795
0.0019582853466272353,0.0023830619174987078
0.0017339560104947952,0.0018554312409833074
0.0013719095450101628,0.0019388376967981458
0.0013519743871357706,0.001790184061974287
0.0013176619789252678,0.0018166949739679694
0.0013136679472194777,0.0018620360642671585
0.0013106983822459976,0.001981664216145873
0.0013814363266444868,0.001973392441868782
0.0014112399337399338,0.0019027101807296276
0.0013837200372169415,0.0017557037062942982
0.0013126103274731173,0.0019000890897586942
0.0013296907167467805,0.0018387013114988804
0.0014043091263415085,0.0020833695307374
0.0014088912318564123,0.0019156275084242225
0.0013488977904328042,0.0018156145233660936
0.0012991817683602374,0.0018256886396557093
0.0013002636516466738,0.001810452202335
0.0013132790377777485,0.001798949553631246
0.0013452595058414671,0.0018481217557564378
0.00134416906007876,0.0018666883697733283
0.0013402850889704294,0.0017984122969210148
0.0013264141640522413,0.0026265960186719894
0.001812060145764715,0.0018726838752627373
0.0013887783145118092,0.002018229803070426
0.0014095849983601107,0.002047267509624362
0.0014340131259005932,0.0020694017875939608
0.001408336111344397,0.001854247646406293
0.0013442673741115463,0.0024005521554499865
0.001624704950178663,0.002017882652580738
0.0016337126296841436,0.0018748196307569742
0.0016114120718298687,0.0021837272215634584
0.0015152559667411779,0.002039857441559434
0.0014544315418849388,0.0021188934333622456
0.0015110161527991295,0.0021619314793497324
0.0015436494790224565,0.0019243120914325118
0.0014666774812050992,0.0018866214668378234
0.0014148629286016028,0.0019518022891134024
0.0014193006610083911,0.0021492771338671446
0.0015514824994736249,0.0020207834895700216
0.0016795858399321635,0.0018806098960340023
0.0015945324141325222,0.0019406568026170135
0.001529746372770104,0.0021824082359671593
0.001463463399041858,0.0021559209562838078
0.0015482634052427279,0.0019347533816471696
0.0014569786232378748,0.001972413621842861
0.001473189657036629,0.0019361909944564104
0.0014413597460629212,0.001915191998705268
0.0014717878075316548,0.0018330102320760489
0.0014146271855052974,0.001850078464485705
0.0013363362678016225,0.0018949168734252453
0.0013803759512181083,0.0017976537346839905
0.0015099677567680678,0.0018830604385584593
0.0017934018394185438,0.002094640163704753
0.0014827590451265374,0.002620331710204482
0.0016145098726782533,0.002369251800701022
0.0015547480485919448,0.0019156916532665491
0.001508059239325424,0.0020305123180150986
0.0015940886839396423,0.002040285849943757
0.0015392552688717842,0.002006752882152796
0.001422270754766133,0.001969480188563466
0.001459227497689426,0.001966870855540037
0.0014300197471554081,0.0019889287650585175
0.0014032134279194806,0.0019183679251000285
0.0013427613706638415,0.002339363796636462
0.0015761897490463323,0.0018375414656475186
0.001563995560217235,0.003911880310624838
0.002240143430729707,0.002328063827008009
0.0018658045663808784,0.001934278174303472
0.0016056814432765048,0.0020325127989053726
0.0014742601398999493,0.0024037747643887997
0.0015555048563207188,0.0019540830980986357
0.0013701807360889183,0.001862095668911934
0.001381862265471783,0.0017459753435105085
0.0012323773181479839,0.0017390816938132048
0.0012421273854043749,0.0021387673914432526
0.0014740623269851008,0.001953284488990903
0.0014083858077517813,0.002043649787083268
0.0014897110007910264,0.0022004202473908663
0.0014392111258995201,0.0023128760512918234
0.0015166744558761517,0.0017466176068410277
0.0012707577945871486,0.001709980657324195
0.001294561902888947,0.0018686508992686868
0.0014861826526208057,0.0017784368246793747
0.0015844178354988496,0.002005812479183078
0.0023256831259156267,0.0019801435992121696
0.0018662079071833028,0.002116480143740773
0.0014738200796354148,0.0022055201698094606
0.0015099365471137895,0.00223618489690125
0.001516240577523907,0.001870662672445178
0.0013375055298416151,0.0020308580715209246
0.0013844307284388278,0.0018636621534824371
0.0012809006973273224,0.0017762916395440698
0.001292581799854007,0.0020300804171711206
0.0013763013482093812,0.0018163915956392884
0.0013481394149776962,0.0019043985521420836
0.0013571993344359927,0.0017723515629768372
0.001323264232940144,0.002254086546599865
0.0014666502565766374,0.0017194534884765744
0.001241799297535585,0.0022561494261026382
0.0014552686694595549,0.0018958137370646
0.0013048951984900568,0.0019330140203237534
0.001379244862538245,0.0018021436408162117
0.001388024009971155,0.0019975854083895683
0.0014257229367891948,0.0018838312244042754
0.00135773954499099,0.0018264554673805833
0.0013009877182129357,0.002004896989092231
0.0013888066391357118,0.0018969507655128837
0.0013220601352966494,0.0018493356183171272
0.001254766112089985,0.0017348803812637925
0.0011984447684759896,0.0017331792041659355
0.0011899783136323095,0.001768108457326889
0.0012152058232782616,0.0017387081170454621
0.0012227790135269363,0.0017526877345517278
0.0012490932871070174,0.0017093527130782604
0.0011971541406172845,0.001853692694567144
0.0012750610791974596,0.0018539425218477845
0.0012538910315682491,0.0017778229666873813
0.0012532600625935527,0.0016847685910761356
0.0013773280004453327,0.0017548814648762345
0.0013731855738701093,0.001941226189956069
0.0015294722741883663,0.0018427760805934668
0.0020629509848852953,0.0020342469215393066
0.0015332967094663116,0.0022090859711170197
0.0014034709686206446,0.0018255042377859354
0.001318114430954059,0.0021730747539550066
0.001459503309904701,0.003400876885280013
0.002153159786636631,0.004906760528683662
0.0032405149667627284,0.002459366340190172
0.002150347080702583,0.003837030613794923
0.0024301001408861744,0.003986888099461794
0.0022783499568079907,0.002788116689771414
0.001844407683238387,0.0021291247103363276
0.0014919955350665582,0.001990694785490632
0.0013161353772092198,0.0017350754933431745
0.0012359677472462258,0.0017284783534705639
0.0011883378147871959,0.0016371554229408503
0.0011584781943303015,0.001695970306172967
0.0012087432662439015,0.001727459253743291
0.0012488795997988847,0.0017233029939234257
0.0012093661756565172,0.0018450090428814292
0.001250476225072311,0.0018707350827753544
0.0012709843646734954,0.0017564167501404881
0.0011933280025712319,0.001744293374940753
0.0011930438327706523,0.0016498849727213383
0.0011556195891979668,0.001655135303735733
0.0011842865879750915,0.0017437629867345095
0.001187224511264099,0.0016310872742906213
0.0011384681296638317,0.0016310407081618905
0.0011548701958316895,0.0017434314358979464
0.0011702424748283294,0.0016421154141426086
0.0011614131301434503,0.0016615412896499038
0.0011675492513717877,0.0019102934747934341
0.0012506038198868434,0.0017506213625892997
0.001228333655744791,0.001738170045427978
0.0012364398646685813,0.0016849003732204437
0.0013107384580911862,0.0021173073910176754
0.0013926584620235695,0.0017772014252841473
0.0012852358119562269,0.0017312917625531554
0.00125334566924721,0.0016282100696116686
0.0011531461288945542,0.0016449247486889362
0.0011478368601658278,0.0016090410063043237
0.0011173655491115318,0.0016342818271368742
0.0012106867921021249,0.0016548257553949952
0.0011613028812118703,0.001588286948390305
0.0011238061641860339,0.001656599109992385
0.0011512549780309201,0.0017784746596589684
0.0012816243085803257,0.0017175894463434815
0.0012743488181796339,0.0017517906380817294
0.0012275999246372116,0.0016637580702081323
0.0011704498953703376,0.0016365654300898314
0.0011593790486868884,0.001804196392185986
0.0012684341013017627,0.0017131486674770713
0.0011835569751241968,0.0016064434312283993
0.0011619196764917838,0.0016664721770212054
0.0011685424639532964,0.0018199363257735968
0.0012893992258856694,0.0019507528049871325
0.0014567635130758086,0.0016983646200969815
0.0014097388600930571,0.0019016005098819733
0.001248427522368729,0.0017808516277000308
0.0012174145478962197,0.0019207820296287537
0.001314304636584388,0.002032134449109435
0.001368305707971255,0.0030140047892928123
0.0017351216051934495,0.001831081579439342
0.0014022306580510405,0.0018866145983338356
0.001394340434215135,0.001879593706689775
0.0012643461583906578,0.0017476710490882397
0.0012301029477061497,0.0016988159622997046
0.0012360363500192762,0.001751859555952251
0.0012047932141770919,0.0015856161480769515
0.0011224015621054504,0.001736126490868628
0.0011674845047915975,0.0016016684239730239
0.0011685481558864315,0.0016686597373336554
0.0011563651268887852,0.0017269422532990575
0.0011674637306067679,0.0016404641792178154
0.0011402124839110506,0.0016754340613260865
0.001128218004014343,0.0016795644769445062
0.0012098676897585392,0.0016748951748013496
0.0011509501887485385,0.0016317542176693678
0.001141694925415019,0.0016662729904055595
0.0011761383826120032,0.0016329059144482017
0.0012912300839606258,0.0017115955706685781
0.0012848628369263478,0.0016489505069330335
0.0011796576514219244,0.0016763050807639956
0.0011663361638784408,0.001661119400523603
0.001150699985317058,0.0017885472625494003
0.0011783686776955923,0.0020310848485678434
0.0013247576211061743,0.0018116335850208998
0.0013158800866868762,0.0016286334721371531
0.0011490153966264593,0.0016145686386153102
0.0011113057151022885,0.0016515991883352399
0.001147317625582218,0.001649525249376893
0.0011587436150552498,0.001557311974465847
0.0010918710748147632,0.0018079278524965048
0.0012015578802675008,0.0018385727889835835
0.0012349946926244432,0.001651201630011201
0.0012754579002244605,0.0019916610326617956
0.0013873844288496509,0.001653333310969174
0.0011689248086056776,0.0020673798862844706
0.0013866251800209283,0.001574111869558692
0.0012572175776585936,0.0017966219456866384
0.0011691311969318323,0.001634189859032631
0.0011164105823263527,0.0018881411524489522
0.0012623286211035317,0.0016490038251504302
0.001278077512462106,0.001682993839494884
0.0015183753018370933,0.0023684175685048103
0.0031696971361007955,0.0019024420762434602
0.002171379574057129,0.002338447142392397
0.0015972608420997858,0.0021509539801627398
0.0014474746274451414,0.0020838689524680376
0.0013639738333101074,0.0017777649918571115
0.0012494659894663426,0.0017023704713210464
0.001221213556515674,0.0017347574466839433
0.0011601258027884695,0.0016352729871869087
0.0010974315150330464,0.0018165012588724494
0.0012125281234168343,0.0016602793475612998
0.001147738039597041,0.0018272815505042672
0.0011835377145972517,0.0018334465567022562
0.001261997603190442,0.001604273566044867
0.0011313523548758693,0.0016103994566947222
0.0011013645802934965,0.0016681969864293933
0.0011229646019637585,0.0017264964990317822
0.001168266321118507,0.001698118750937283
0.001123350606713858,0.0017144681187346578
0.0011745194180144203,0.0016403291374444962
0.0011265729688521887,0.001577020506374538
0.0011429749041174848,0.001594462664797902
0.0011030230324508416,0.0015664460370317101
0.0010786957086788283,0.0015378372045233846
0.0010532513710980614,0.0016599978553131223
0.0011041655453542867,0.0015201165806502104
0.0010392767718682687,0.0015711099840700626
0.0010548755930115778,0.001631615567021072
0.0010910165791089335,0.0015574167482554913
0.0010670826364205116,0.0015072319656610489
0.001032304390747514,0.0015267671551555395
0.0010237722052261233,0.0015836881939321756
0.0010870856988347238,0.0015885339817032218
0.0011026658485126164,0.0015761306276544929
0.001061844513234165,0.0015700593357905746
0.001051057001782788,0.0015209086704999208
0.001037609584422575,0.001548886764794588
0.0010443061998941833,0.0016037679743021727
0.0010886665645779834,0.0015776969958096743
0.0010509565909807054,0.0015646331012248993
0.0010679025244381692,0.0015970602398738265
0.0011066632355666822,0.0015888686757534742
0.0010912176883882947,0.0016703626606613398
0.0011374143821497758,0.0016571738524362445
0.0011706016114395525,0.0017473668558523059
0.0011524771746351486,0.0017617888515815139
0.0011415264724443355,0.0016383349429816008
0.0011124893619368474,0.0016349921934306622
0.001118530889766084,0.001526283798739314
0.001074847311505841,0.001515083247795701
0.0010379969344163935,0.0015407165046781301
0.00106051590707567,0.0015387345338240266
0.0010470998768384258,0.0017625668551772833
0.0011460921711598834,0.0015653697773814201
0.0010632606024026043,0.001578247407451272
0.0010703825417699086,0.0016572221647948027
0.0011197140062641766,0.0016476436285302043
0.0010910948127922085,0.0016245597507804632
0.0012238578627713852,0.0020191275980323553
0.0013681256253686217,0.0018648388795554638
0.00124247123228593,0.0018529025837779045
0.0011959455943562917,0.0016446498921141028
0.001110679694554872,0.0016518060583621264
0.0011195625375128454,0.001580621232278645
0.0010606371983885765,0.0015509172808378935
0.0010496353849561678,0.0015910073416307569
0.0010687873041671184,0.001702413079328835
0.0010955628224958976,0.0015105088241398335
0.0010690735321905879,0.0015521673485636711
0.001182048258682092,0.001997272716835141
0.0013982918879224195,0.0016789586516097188
0.0011350980908092524,0.001538204262033105
0.0010578004084527493,0.0015229773707687855
0.0010362174879345628,0.0015467355260625482
0.0010563942960773905,0.0015297235222533345
0.0010472304922425084,0.0015959020238369703
0.0010563026616970698,0.0015033796662464738
0.0010302199500923355,0.001577612478286028
0.0011026849147553245,0.0016341875307261944
0.001171884751982159,0.0016103569651022553
0.0011525221049992576,0.0015646980609744787
0.001084720600499875,0.0015921925660222769
0.0011401782826417023,0.0015404472360387444
0.00105113857322269,0.0015059930738061666
0.001044223834760487,0.0015428481856361032
0.0010343917769690355,0.0014871676685288548
0.0009985827432117528,0.001553787849843502
0.0010379671315766043,0.0015726536512374878
0.0010345520650864475,0.001548842410556972
0.0010424995174010594,0.001539108227007091
0.0010882090430499778,0.0014786726096644998
0.0010202802122674054,0.0014845178229734302
0.000991084940938486,0.0015747484285384417
0.00104795313336783,0.0016418513841927052
0.001051321968746682,0.0015555096324533224
0.0010518179207833277,0.001535662915557623
0.0010489390681808193,0.001631413004361093
0.0010847048937446542,0.0017197844572365284
0.001099638394597504,0.0016042018542066216
0.0010661163517377444,0.0015306725399568677
0.0010258396867559188,0.0015061829471960664
0.0009956323220911953,0.001529608154669404
0.0010217383333171407,0.0015733148902654648
0.0010616131385581362,0.0015238262712955475
0.0010768449415142337,0.0015840833075344563
0.0011747914257769782,0.002133870031684637
0.0013251550630148914,0.0022921133786439896
0.0019110652550847994,0.002695277566090226
0.0016290924009970493,0.0018398829270154238
0.001206570324074063,0.0023450078442692757
0.001419624157456888,0.0018681465880945325
0.0011649631595032084,0.0016291581559926271
0.0011947062290791008,0.0017229606164619327
0.0010964600022675263,0.001573544810526073
0.0010664501806928052,0.001593450433574617
0.00107105260145747,0.001533796195872128
0.0010284093312091297,0.0015061242738738656
0.001024839074557854,0.0015834883088245988
0.0010654853486145536,0.001589074730873108
0.0010963027857037054,0.001544883125461638
0.0010718743353047304,0.0015700575895607471
0.0010404605540033016,0.0015766185242682695
0.001024042480987393,0.0015404137084260583
0.001021497486314426,0.001590352039784193
0.0010490839990476768,0.0014855898916721344
0.0009932114142510626,0.0014327915851026773
0.0009705056669190526,0.001499654958024621
0.0009899006450238327,0.0014991433126851916
0.0009928546954567233,0.001497001270763576
0.0010194647175052927,0.0015452686930075288
0.001014119527147462,0.0014814939349889755
0.0009905897083485292,0.0014873705804347992
0.0009948512104650338,0.0014794341986998916
0.0009926882199943067,0.0016985696274787188
0.0011081478418782354,0.0020096488296985626
0.0012526543940313988,0.002234724583104253
0.0013040675554010603,0.0018483479507267475
0.001222120158167349,0.0017838134663179517
0.0013192877675303155,0.0020018741488456726
0.0011825282861375147,0.0021925396285951138
0.0013035384829466542,0.001503805979155004
0.0010717981200044353,0.0015194668667390943
0.001013677523523155,0.0014852153835818172
0.0010050896503445174,0.0015108132502064109
0.0009967278226071762,0.001452324679121375
0.0009697732582895293,0.0014412307646125555
0.000958904027680142,0.001486651017330587
0.0009757808150930537,0.0015412680804729462
0.0010197032305101553,0.0015179336769506335
0.0010144625997377766,0.001512874965555966
0.0010257102761210668,0.0015976505819708109
0.0010027960025601917,0.001503534964285791
0.0009998874493046767,0.001473661744967103
0.0009711959391521911,0.0015440897550433874
0.0010216370910509592,0.0015134427230805159
0.0009774227192004522,0.0014526557642966509
0.0009568278077575896,0.001510401489213109
0.000965512670421352,0.001471193740144372
0.000957573437028461,0.0014282806077972054
0.0009323724229923553,0.0014992889482527971
0.0009841054481350712,0.0014095278456807137
0.0009478610909233491,0.0014391225995495915
0.0009592427714313898,0.001477246405556798
0.0009671798974482549,0.0014734440483152866
0.0009901742143039074,0.0014745581429451704
0.0009911223035305738,0.0014631880912929773
0.0009676000287031962,0.0014515107031911612
0.0009611120002551211,0.0014648957876488566
0.0009766345605668094,0.0015001511201262474
0.001012919636753698,0.0014367072144523263
0.0009583300662537416,0.0014681501779705286
0.0009673648570767707,0.0014319331385195255
0.0009411852460147606,0.0014693608973175287
0.0009641299210488796,0.001510236761532724
0.0009930960347668992,0.001431322772987187
0.0009763527997872896,0.001470073009841144
0.0009701339230458769,0.0014645366463810205
0.0009650497756794923,0.0015499643050134182
0.0010233551887277928,0.00144963210914284
0.0009617239818908274,0.0014768146211281419
0.0009662603048814668,0.0015144783537834883
0.0009919855215897162,0.0014623251045122743
0.0009775790122027199,0.0014714146964251995
0.0009670427907258273,0.0014484645798802376
0.0009515404483924309,0.0014902441762387753
0.0009747764328494668,0.0014492509653791785
0.0009599491053571303,0.0014750262489542365
0.000977410137032469,0.0014870294835418463
0.0009712987499208086,0.0014371187426149845
0.0009560273106520374,0.0014309099642559886
0.0009535767572621505,0.001443761750124395
0.0009496955519231657,0.0014726126100867987
0.0009574657686365148,0.0015390532789751887
0.0009904110172970428,0.0014918290544301271
0.0009796051375774873,0.0014669829979538918
0.000976602252986696,0.0014992761425673962
0.000979245147253904,0.0014340198831632733
0.0009386938287773066,0.0014143248554319143
0.000932433624079244,0.0014530123444274068
0.0009544501316526698,0.0014344045193865895
0.000950582041663842,0.001410542638041079
0.0009302877958139612,0.001429462805390358
0.0009368522827410035,0.001520176767371595
0.0009783451272071236,0.0014560314593836665
0.0009687414679986735,0.0014737829333171248
0.0009548397889981667,0.001401743502356112
0.0009312839376636677,0.0014040378155186772
0.0009610737865376804,0.0014655233826488256
0.0009573878042606844,0.0014118705876171589
0.0009442244307138025,0.0014245633501559496
0.0009446595453967651,0.0014657456194981933
0.0009386683110561636,0.001446461072191596
0.0009943139002037546,0.0015829085605219007
0.0009989722093774213,0.001452525844797492
0.0009567855686570207,0.0014571225037798285
0.0009438381457908286,0.0013919745106250048
0.0009115599861575498,0.001444516354240477
0.0009302233731270664,0.0014386115362867713
0.0009501227733886077,0.0014108931645751
0.0009313467401079834,0.00139508000575006
0.0009331762340540687,0.0014001739909872413
0.0009293320899208386,0.0014577674446627498
0.0009453418183450898,0.0014299440663307905
0.0009323259613787134,0.0014057338703423738
0.0009213114478107956,0.0013885798398405313
0.0009099937799490161,0.0013966377591714263
0.0009290665918443766,0.001422448898665607
0.0009303253728689419,0.0015016949037089944
0.0009713101656072669,0.0014419949147850275
0.000952224998941852,0.0014159656129777431
0.000927313393395808,0.0014786606188863516
0.0009720619892080624,0.0014015729539096355
0.0009210798941138718,0.0014050480676814914
0.0009109663021647268,0.0014049084857106209
0.0009101852624573641,0.0014063986018300056
0.0009395155667637785,0.0014957108069211245
0.0009839108224130339,0.0015398027608171105
0.000987661479610122,0.0014752477873116732
0.0009606426253190471,0.0014316511806100607
0.0009264251312965321,0.0014359364286065102
0.0009281733117273284,0.0014162654988467693
0.0009287890398667918,0.0014529566979035735
0.00095552458634807,0.0014720842009410262
0.0009889220078993174,0.0014420859515666962
0.0009640716093902786,0.0015475481050089002
0.0009833579851935307,0.0014382407534867525
0.0009403274557553232,0.0014211914967745543
0.0009314296311802334,0.0014551598578691483
0.0009722870019161038,0.00141314254142344
0.0009461260664587219,0.0014227578649297357
0.0009257566752947039,0.0014937183586880565
0.0009618149519277115,0.0014623311581090093
0.0009438684657733474,0.0014285810757428408
0.0009521820103853113,0.0014562337892130017
0.0009463262257890569,0.0015169087564572692
0.0009725272376090289,0.0014064910355955362
0.000911309980114715,0.001403111033141613
0.0009111211834371917,0.0013874426949769258
0.0009145909105427563,0.0013613360933959484
0.0008929056702699098,0.001371091464534402
0.0008892076674641835,0.0013798195868730545
0.0008980015572160482,0.0014224796323105693
0.0009209565621697241,0.0014241248136386275
0.0009144602268416848,0.0014108304167166352
0.0009207521847242283,0.0014317926252260804
0.000916832470231586,0.001398665364831686
0.0009100374033571118,0.0013928189873695374
0.000903651564537237,0.0013968078419566154
0.000904779111345609,0.0013873493298888206
0.0009043941840839883,0.0013687132159247994
0.0008874480043434435,0.001385966083034873
0.0008941103424876929,0.0014969890471547842
0.0009524158334049085,0.0014788805274292827
0.0009478123889615138,0.0014397723134607077
0.0009192867209720943,0.001418339554220438
0.000909378544634415,0.0014103645225986838
0.0009112531026928789,0.0014406663831323385
0.0009262374366840555,0.001415969803929329
0.0009255012360194491,0.0014221705496311188
0.0009251153908876909,0.0015014623058959842
0.0009514782068112658,0.0014142915606498718
0.0009237768811484178,0.0014719313476234674
0.0009519083492664827,0.0015292881289497018
0.0009697486532645093,0.001413620775565505
0.0009259052626374695,0.0014116129605099559
0.0009304483309905562,0.001364723197184503
0.0009158536491708624,0.0015349205350503325
0.0009901668997998867,0.0015601811464875937
0.0010129860969674256,0.001416932325810194
0.0009434985071938071,0.0014927430311217904
0.0009556966381044023,0.0015749040758237243
0.0010048861201438638,0.0014891879400238395
0.0009521013550046418,0.001406368799507618
0.0009229054809030559,0.001359958085231483
0.000886831929286321,0.0014489060267806053
0.0009254286337333421,0.001383388414978981
0.0008947553141559992,0.001383046736009419
0.000882411250171976,0.0013819134328514338
0.0009107958383133841,0.0013431094121187925
0.0008748403046694067,0.0013893553987145424
0.0009107083472837176,0.0014396603219211102
0.0009349473495967686,0.0014231102541089058
0.0009020731336851086,0.0014072026824578643
0.000911628312120835,0.0013751365477219224
0.0008862997469906178,0.0013471856946125627
0.0008792404664887322,0.001374567043967545
0.0008719061022727854,0.001345361932180822
0.00086440975829545,0.0013846405781805515
0.0008775774971581995,0.0013627122389152646
0.0008790126786981192,0.0013423667987808585
0.0008741498322019146,0.0013601965038105845
0.000867857575778746,0.0013554481556639075
0.0008669134317379858,0.0013588423607870936
0.0008664152269355125,0.0013370465021580458
0.0008695064588553375,0.0013829959789291024
0.0008927450199714965,0.0013460733462125063
0.0008619647022957603,0.001455112244002521
0.0009071703832079139,0.0013526581460610032
0.0008945080115356379,0.0013573422329500318
0.00087653979840171,0.0013751290971413255
0.0008761965452382962,0.0013762172311544418
0.0008737799820179741,0.001346420613117516
0.000873110733098454,0.0013514014426618814
0.0008871208656475776,0.0014527499442920089
0.0009274508436727855,0.001436556805856526
0.000912436887414919,0.0014564038719981909
0.0009318954347529345,0.0013679077383130789
0.0008948825255760717,0.0013696399983018637
0.000878505100392633,0.0013713587541133165
0.0008808674068293637,0.0013239950640127063
0.000888936218753871,0.001369357923977077
0.0008883853908628226,0.0013633602065965533
0.0008841562982545131,0.001384709496051073
0.0008761019906443026,0.0014262336771935225
0.0008987902754193378,0.0014408886199817061
0.0009466820606030524,0.0016839561285451055
0.0010411498214428624,0.0017961619887501001
0.0010361277513826887,0.0014867093414068222
0.0010925816886851356,0.0016438167076557875
0.000974749389052805,0.0013809589436277747
0.0009416230364392201,0.0015250820433720946
0.00097908136046802,0.0013478720793500543
0.0009010994149785903,0.0013405573554337025
0.0008566440758295357,0.0013497663894668221
0.0008749141520820558,0.0015397737734019756
0.0009513704142429763,0.0014409207506105304
0.0009067941785583065,0.0013652612688019872
0.0008708813095775743,0.001320865354500711
0.0008544176770374179,0.0013569843722507358
0.0008663197762022415,0.0013533501187339425
0.0008746422498693896,0.0013637921074405313
0.0008754792747398218,0.001420182059518993
0.0009135913414259751,0.0014549348270520568
0.0009229444456286728,0.001469630398787558
0.0009414208680391311,0.0014988863840699196
0.0009424535575736728,0.001318500959314406
0.0008801324543957081,0.0013825712958350778
0.0008805155735980305,0.0013868295354768634
0.0008772286909839345,0.0013585244305431843
0.0008688744581821892,0.0013187486911192536
0.00084286170390745,0.001339141745120287
0.0008452156869073709,0.0013219206593930721
0.0008441244663360218,0.0013021029299125075
0.0008374661923800078,0.0013151114108040929
0.0008434735771475567,0.0013184339040890336
0.0008437391714606848,0.001334924018010497
0.0008573384311360618,0.0013355317059904337
0.0008403933508735564,0.001324727083556354
0.0008407875002982716,0.0013482719659805298
0.0008483036923118764,0.001314570545218885
0.0008352246381238931,0.001320148934610188
0.0008451676963725024,0.0013090773718431592
0.0008330442270057069,0.0013249731855466962
0.0008409347452430261,0.001317903632298112
0.000836005684816175,0.0013081163633614779
0.0008342789561073813,0.0012986703077331185
0.0008274884307239618,0.0013347932836040854
0.0008456598325735993,0.0013379640877246857
0.0008626033637362222,0.0013431545812636614
0.0008585198891038696,0.0013531402219086885
0.0008621891383599076,0.0013140536611899734
0.0008387064669902126,0.0013321249280124903
0.0008511492935940623,0.0013140045339241624
0.0008462381955339677,0.0013620515819638968
0.0008584423352860742,0.0013127453858032823
0.0008399594360445109,0.0013351856032386422
0.0008403159608133137,0.001322268508374691
0.0008448689345580836,0.0013253084616735578
0.0008442393097923033,0.0013235547812655568
0.0008464751604737507,0.0013341230805963278
0.0008506988459784123,0.0013262676075100899
0.0008419547198961179,0.00133035727776587
0.0008393117125766972,0.0013022776693105698
0.0008303901203908027,0.0013079969212412834
0.0008360175705618329,0.001319663249887526
0.000839368769278129,0.0013396304566413164
0.0008477062439649469,0.001313192187808454
0.0008334401151579287,0.0013191720936447382
0.0008424343168735504,0.0012935338309034705
0.0008248368185013533,0.0012930815573781729
0.0008229018101054761,0.0012842456344515085
0.000814879309748196,0.0013017108431085944
0.000835039300016231,0.0013079916825518012
0.0008335374114621017,0.0012967889197170734
0.0008329194657401078,0.001339962356723845
0.0008453374604384104,0.0012804087018594146
0.000824278448190954,0.0013116273330524564
0.0008344738508781625,0.0013014549622312188
0.0008326804278314941,0.0013145868433639407
0.0008432940567015773,0.0013415769208222628
0.0008634489360782835,0.0013284352608025074
0.000835106627136055,0.0013112525921314955
0.0008298490525016354,0.0013080369681119919
0.0008273584299927784,0.0012899305438622832
0.0008227777763062881,0.001318415510468185
0.0008295751075881223,0.0012805558508262038
0.0008150667200485865,0.0013301343424245715
0.0008395660285734468,0.0012961594620719552
0.0008309827918290264,0.0012826214078813791
0.0008182607963681221,0.001285994192585349
0.0008186410460621119,0.0013041960773989558
0.000836917513774501,0.0013107341947034001
0.0008421846805140376,0.001311793806962669
0.0008411923987377021,0.0013101898366585374
0.0008346740293523504,0.0013022676575928926
0.0008354884246364236,0.0013289550552144647
0.0008408328782146176,0.001283240388147533
0.0008330633165314794,0.001335760811343789
0.0008412939245398674,0.0013626248110085726
0.0008563457271601591,0.0013171634636819363
0.0008359704624551038,0.0013170101447030902
0.0008394472290658288,0.0012757633812725544
0.000821064846434941,0.0012943308101966977
0.000827653992196752,0.0013047299580648541
0.0008429329130902059,0.0013308061752468348
0.000853904444569101,0.0013108783168718219
0.0008215717135721611,0.0012809537583962083
0.0008047801677861975,0.00130086624994874
0.0008236864056541688,0.0012875399552285671
0.0008204180871446928,0.0012752884067595005
0.0008109862243549691,0.001310911262407899
0.000821082612965256,0.0013534032041206956
0.0008722729929205444,0.0013198426458984613
0.0008288033241923484,0.0012983470223844051
0.000811920493013329,0.0012633342994377017
0.0008050286498231192,0.0012990894028916955
0.0008216885265169872,0.0012634452432394028
0.0008086186704329318,0.0012663346715271473
0.0008080266136676073,0.0012643527006730437
0.0007975566480308772,0.0013392990222200751
0.0008380497616922689,0.0012967134825885296
0.0008204050662202968,0.0012866714969277382
0.000818360176247855,0.0012766931904479861
0.0008024793868470523,0.0012816420057788491
0.0008059338958830469,0.001285637728869915
0.0008054148747275273,0.0012591922422870994
0.0007973692333325743,0.0013000356266275048
0.0008189553945946197,0.0012776469811797142
0.0008142305659647617,0.0012665136018767953
0.0008085924637917843,0.001273485366255045
0.0008022570051252842,0.0012728057336062193
0.0007950699370768335,0.0012673819437623024
0.0008066777786653903,0.0013453704304993153
0.0008384840169714557,0.0012532065156847239
0.0008041258298584985,0.0012956549180671573
0.0008150360759140717,0.001276598428376019
0.000804028338752687,0.0012960424646735191
0.0008079578556741278,0.0012791254557669163
0.0008177132821745342,0.001282102195546031
0.0008082814491353929,0.0012828502804040909
0.0008138261924290822,0.0012760733952745795
0.0008000583861333629,0.001262241043150425
0.000799117537939714,0.001243442646227777
0.0007926347186892397,0.0012657007900997996
0.0008013493461637861,0.0012733235489577055
0.0008005503841882779,0.0013117670314386487
0.0008253946724451251,0.001291489927098155
0.0008194255347674092,0.0012890022480860353
0.0008123749892951713,0.0012776831863448024
0.0008031986734002,0.00125065166503191
0.0007966630522989565,0.0012609421974048018
0.0007958620070065889,0.0012772835325449705
0.0008017628016467723,0.0012763658305630088
0.00080027025192976,0.0012782856356352568
0.000803524466852347,0.0012595076113939285
0.0007960521101227237,0.001260024611838162
0.0007830534464058777,0.001253351685591042
0.0007900447481208378,0.0012532112887129188
0.0007844406387044324,0.0012565349461510777
0.0007896530015083651,0.0012675896286964417
0.000793180491309613,0.0012751296162605286
0.0007926623435277078,0.0012458815472200513
0.0007899889642269247,0.0012503513135015965
0.0007869104976351891,0.001241432735696435
0.0007882231419595579,0.0012528133811429143
0.0007891025231219828,0.0012514666887000203
0.0007875231500818498,0.0012544583296403289
0.0007925877368284597,0.0012756469659507275
0.0008076179431130489,0.001277215196751058
0.0007975441188965407,0.0012568252859637141
0.0007898490583627589,0.0012784777209162712
0.0008012654935009777,0.001261303317733109
0.0007928608319101234,0.0012624567607417703
0.0007978235606828498,0.0012615983141586185
0.0007973956371036668,0.0012877245899289846
0.0008121341345314351,0.0012837760150432587
0.0008071817814682921,0.0012451160000637174
0.000788556107889033,0.0012683349195867777
0.0007898738090362814,0.001263348967768252
0.0007824487042509847,0.0012467227643355727
0.0007804482828618752,0.0012349606258794665
0.0007810618562830819,0.0012322342954576015
0.0007788030909270876,0.0012403076980262995
0.0007804098409704036,0.0012414271477609873
0.000778355344146904,0.001244290266185999
0.0007785322054082321,0.001259846379980445
0.0007871492494208117,0.001260875491425395
0.0007860455074761477,0.00128152035176754
0.0007994357004968656,0.0012740240199491382
0.0007958353013317618,0.0012776012299582362
0.0007947213544199864,0.001290182932280004
0.0007996923512675696,0.0012328879674896598
0.0007783173223853939,0.0012370774056762457
0.0007784163522430592,0.0012656404869630933
0.0007875331095419825,0.0012499622534960508
0.0007876161581629681,0.0012638898333534598
0.0007881411522005995,0.0012597569730132818
0.0007850571998601986,0.0012752771144732833
0.0007936471949021021,0.001299346680752933
0.0008124184849051138,0.0012571290135383606
0.0007868528655833668,0.0012630656128749251
0.0008028937526978553,0.0012450221693143249
0.0007865297864191234,0.0012412747601047158
0.0007736061531532969,0.0012350025353953242
0.0007751583812447885,0.0012369232717901468
0.0007778543464115096,0.0012420534621924162
0.0007719980739057064,0.0012403620639815927
0.0007754690482074188,0.001265419996343553
0.0007867609044640429,0.0012311253231018782
0.0007731817003029088,0.0012335936771705747
0.0007711036133372949,0.0012391024501994252
0.0007680482906289399,0.001247034757398069
0.0007839262092279064,0.0012712690513581038
0.000788423328453468,0.0012631539721041918
0.0007811846832434336,0.0012332713231444359
0.0007734516847671734,0.0012665619142353535
0.0007909199360033705,0.0012527512153610587
0.0007869295217096806,0.0012202542275190353
0.0007709765304914779,0.0012232321314513683
0.0007699789934688144,0.00124373659491539
0.0007695365353073511,0.0012223023222759366
0.000763582860171381,0.0012382589047774673
0.0007729901104337639,0.0012454378884285688
0.0007805926598505014,0.001243883278220892
0.000778845966172715,0.0012325136922299862
0.0007724040578533378,0.0012436180841177702
0.0007780860724031098,0.001249531633220613
0.0007766136539996498,0.0012383527355268598
0.0007738156901258562,0.0012328082229942083
0.0007775244833384123,0.0012514531845226884
0.0007845422858372331,0.0012383516877889633
0.0007727052149776783,0.0012274287873879075
0.0007681239067783786,0.0012174505973234773
0.0007644713390618562,0.0012210628483444452
0.0007602969670875205,0.001220301492139697
0.0007615677849389613,0.0012488780776038766
0.000778556725062016,0.0012378551764413714
0.0007683389023360279,0.0012371838092803955
0.0007724428994374142,0.001225883373990655
0.000766000587803622,0.0012409593909978867
0.0007677770879430076,0.0012208529515191913
0.0007665961543615494,0.0012271924642845988
0.0007657526218746272,0.0012417329708114266
0.0007755277005748616,0.0012413389049470425
0.0007744576893229452,0.0012355373473837972
0.0007655141073175602,0.001231584930792451
0.0007616334530110989,0.0012157990131527185
0.0007594073561227157,0.0012166880769655108
0.0007595983636565506,0.0012318892404437065
0.000765534771554586,0.0012555295834317803
0.0007840151156091855,0.00124391820281744
0.0007733040075335238,0.0012139554601162672
0.0007554596362428533,0.0012243561213836074
0.0007576097925711009,0.0012082635657861829
0.0007550765845614175,0.0012197608593851328
0.0007544996253111296,0.0012222143122926354
0.0007621975540597405,0.001217650598846376
0.0007616486100273,0.00121412449516356
0.0007571077119145128,0.0012196816969662905
0.0007571169596889781,0.001222197781316936
0.0007587671983573172,0.0012018723646178842
0.0007533717000236114,0.001221899059601128
0.0007641771847071747,0.0012185247614979744
0.0007613689457583758,0.0012203692458570004
0.000755862130317837,0.0012290547601878643
0.0007628748149404095,0.0012199518969282508
0.0007601394121431642,0.0012101122410967946
0.0007569625911613305,0.0012140927137807012
0.0007526643033553328,0.0012140851467847824
0.0007541893683891329,0.001222706399857998
0.0007634442139209973,0.0012295928318053484
0.0007568529354304904,0.0012111436808481812
0.0007543673009301225,0.0012017651461064816
0.0007480308558377955,0.0012108730152249336
0.0007497760495688352,0.0012294645421206951
0.0007671075929991073,0.0012201061472296715
0.0007595297996886074,0.001209886628203094
0.0007518640574481752,0.001212367438711226
0.0007587632050530778,0.001206466811709106
0.0007491435345986651,0.0012125566136091948
0.0007474733705425428,0.0012031643418595195
0.0007510702402537896,0.0012225996470078826
0.0007565184509278172,0.0012079799780622125
0.0007544814213179051,0.001208013272844255
0.000757270014534394,0.0012169620022177696
0.0007507087044521339,0.0012208474799990654
0.0007607927794257799,0.0012108455412089825
0.0007540257725243767,0.0012055693659931421
0.0007557510535439683,0.0012110573006793857
0.000751929139563193,0.0011967369355261326
0.0007468134796039926,0.0012059685541316867
0.0007456049700785014,0.0011960981646552682
0.000746894406620413,0.0012083591427654028
0.000747577799225433,0.001210072310641408
0.0007465665120010575,0.0012144306674599648
0.0007486893073655665,0.0011968653416261077
0.0007426919006846017,0.0011989697813987732
0.0007456772536453273,0.0011964822188019753
0.0007487628039800459,0.0011956957168877125
0.0007435379221311046,0.0011967950267717242
0.0007406389744331439,0.0011950931511819363
0.000742934451231526,0.001212035189382732
0.0007444770942028198,0.0011981320567429066
0.0007428946304652426,0.0011938881361857057
0.0007447474659420549,0.0012076862622052431
0.000753508185605622,0.0012015618849545717
0.0007449186308723357,0.0012035623658448458
0.000750125449978643,0.0011972513748332858
0.0007439968758262694,0.0011992742074653506
0.000752938927616924,0.0012079771840944886
0.0007522844926764568,0.001208569505251944
0.0007567538051969475,0.0012056876439601183
0.0007523561641573906,0.001205062260851264
0.0007480418521703945,0.001207859953865409
0.0007499018596071336,0.0011991988867521286
0.0007437839208998614,0.0012051729718223214
0.0007414696181917356,0.001192002440802753
0.0007374274609093037,0.0011905875289812684
0.0007390708458195958,0.0012022551381960511
0.0007408316073835724,0.0012005600146949291
0.0007466192711662088,0.0011979929404333234
0.0007426061173383561,0.0012048437492921948
0.0007459066797875696,0.0011927640298381448
0.0007409102125610742,0.0012002135626971722
0.0007442181596222023,0.0011996846878901124
0.0007464333463253247,0.0011981779243797064
0.0007409961299142903,0.0011966427555307746
0.0007434738665405247,0.001202913816086948
0.0007422945658779807,0.0011925420258194208
0.0007502550618826515,0.0011940158437937498
0.0007429341565714114,0.001201343024149537
0.0007442202046513557,0.0011959188850596547
0.0007407753179884619,0.001203250722028315
0.0007431062799878418,0.001212477101944387
0.0007440411752193338,0.0011973638320341706
0.0007441457399788002,0.001211554859764874
0.0007473463575459188,0.0011905403807759285
0.0007391526894126501,0.0011917855590581894
0.0007404089747514162,0.0011962156277149916
0.0007430149943360852,0.001210898975841701
0.0007488079935622712,0.0012049803044646978
0.0007445935969654884,0.001186189940199256
0.000742956311441958,0.0012026508338749409
0.0007379830866638157,0.0011852338211610913
0.0007362467818893492,0.001189622562378645
0.0007379761069185204,0.0011936323717236519
0.0007363551081572141,0.0011884589912369847
0.0007356779595526557,0.0011956479866057634
0.0007375705992389057,0.0011970435734838247
0.000743448977979521,0.001210587564855814
0.0007523378362465236,0.0012012602528557181
0.0007451859157946375,0.001209626323543489
0.000741272355015907,0.001194666256196797
0.0007424978883419599,0.0011864814441651106
0.000737646547301362,0.0011893782066181302
0.0007350189725144042,0.0011953312205150723
0.0007392124909286697,0.0011864902917295694
0.0007329369714069697,0.0011914082570001483
0.0007338037768689294,0.0011830860748887062
0.0007321465501768722,0.0011807341361418366
0.0007332481363684767,0.0011818364728242159
0.0007330176472249958,0.0011849476723000407
0.0007330889112523032,0.001181611674837768
0.0007334375878175099,0.0011872979812324047
0.0007381156296469272,0.0011918406235054135
0.0007341124624427822,0.0011839912040159106
0.0007290240431514879,0.0011830898001790047
0.0007294145353241927,0.0011768767144531012
0.000729902369591097,0.0011855195043608546
0.0007308426470909682,0.001179597107693553
0.0007311140621701877,0.001187057700008154
0.0007295703541280495,0.0011788837146013975
0.000728590570959366,0.0011853933101519942
0.0007297089476034874,0.0011797270271927118
0.0007283949968405068,0.0011793370358645916
0.0007319910625099308,0.0011776343453675508
0.0007323724334128201,0.001184707973152399
0.0007297826353977951,0.0011818063212558627
0.0007272875340034564,0.0011825881665572524
0.0007299664963243736,0.0011794622987508774
0.0007289913022476766,0.0011797186452895403
0.0007287575369183388,0.0011876345379278064
0.0007277569743908114,0.0011750361882150173
0.0007245923638240331,0.0011782444780692458
0.0007260778890405264,0.0011768665863201022
0.0007242304166882402,0.001175388810224831
0.0007223082853791614,0.0011716610752046108
0.0007225346267740759,0.0011724287178367376
0.0007261727597667939,0.0011785231763496995
0.0007285968278948632,0.0011818280909210443
0.0007323103082469768,0.001189759117551148
0.0007354137937848767,0.0011828802525997162
0.0007288647580167485,0.0011833480093628168
0.0007288897730824021,0.001180538791231811
0.0007296779531882041,0.0011819343781098723
0.0007278733516836331,0.0011754361912608147
0.0007226506431794001,0.0011721753980964422
0.0007212042671421335,0.0011748847318813205
0.0007206715762408244,0.001173062832094729
0.0007217914533490936,0.0011786845279857516
0.0007213778009948631,0.001178863923996687
0.0007234128913842142,0.0011789534473791718
0.0007269122650743359,0.0011755251325666904
0.0007237194012850523,0.001177731086499989
0.0007261243359082275,0.0011790782446041703
0.000727993786179771,0.0011766605312004685
0.0007271856478311949,0.0011712658451870084
0.0007211031262866325,0.0011767842806875706
0.0007343817773895959,0.0011789934942498803
0.0007308563559005657,0.0011843317188322544
0.0007255476063841746,0.001175659941509366
0.0007224877934075064,0.0011693115811794996
0.0007219591309937338,0.0011757111642509699
0.0007224646746180951,0.001171624637208879
0.0007217183846255971,0.001171307871118188
0.0007190255574985511,0.0011701075127348304
0.0007172394577517277,0.0011767278192564845
0.0007221791331863238,0.0011714395368471742
0.0007200531149283052,0.001171479350887239
0.0007240672414708469,0.001176353543996811
0.0007204424582111339,0.0011689478997141123
0.0007187785412598815,0.0011698018060997128
0.0007202005078498688,0.001173329190351069
0.0007230840920884577,0.001173133379779756
0.000719643921798302,0.0011700545437633991
0.000719241813187384,0.0011695617577061057
0.0007181551553205484,0.0011667808284983039
0.0007173229096871283,0.0011680698953568935
0.0007157010903271536,0.001172283780761063
0.0007170542249352568,0.0011708781821653247
0.000717182462879767,0.0011656383285298944
0.0007163711112096078,0.0011722020572051406
0.0007167723684364723,0.001173181924968958
0.0007202210479105512,0.001178043894469738
0.0007209872193117109,0.0011669310042634606
0.0007149780981449617,0.0011677854927256703
0.0007141122767805226,0.001164543442428112
0.0007132894126698375,0.00116545835044235
0.0007143463147804141,0.0011705862125381827
0.0007182697755181127,0.0011640384327620268
0.0007152119560891555,0.0011643861653283238
0.0007148885876975126,0.0011680957395583391
0.0007171979259389142,0.0011665181955322623
0.0007153735180488891,0.001165418652817607
0.0007175312069658603,0.0011604767059907317
0.0007147503848601547,0.0011655929265543818
0.0007128151508772538,0.0011620114091783762
0.0007113104367939135,0.0011665247147902846
0.0007162609629126059,0.0011615816038101912
0.0007131283080929683,0.001162574510090053
0.0007142242828073601,0.001165848458185792
0.0007133639725442562,0.0011657666182145476
0.0007136391879369815,0.0011615486582741141
0.0007117410710391899,0.0011604921892285347
0.0007114692327256003,0.0011583085870370269
0.0007107935056814717,0.0011601672740653157
0.0007089194339803523,0.0011581399012356997
0.0007114187390026119,0.0011608530767261982
0.0007122012426973217,0.0011607700726017356
0.0007133006824490925,0.001162240281701088
0.0007132825705533227,0.0011621395824477077
0.0007131672104717129,0.0011647343635559082
0.0007149443700392213,0.0011629314394667745
0.0007122855599866145,0.0011597716948017478
0.0007118111854005191,0.0011637076968327165
0.0007106113746865756,0.0011574049713090062
0.0007083337153825495,0.0011617608834058046
0.0007090117466739482,0.0011594966053962708
0.0007105315572375224,0.0011628717184066772
0.000711340311811202,0.001161975204013288
0.0007110222449733151,0.001157513470388949
0.0007095196098089218,0.001160288229584694
0.0007113756410156687,0.0011620885925367475
0.0007092272115146949,0.0011632887180894613
0.0007107017476422091,0.001163235865533352
0.000710665300850653,0.0011624277103692293
0.0007094364090719157,0.0011586101027205586
0.0007061344824938311,0.001159349107183516
0.0007083049789071084,0.0011610690271481872
0.0007110879070953362,0.0011618451680988073
0.0007117786087716619,0.0011607020860537887
0.000710473682007028,0.0011624062899500132
0.0007100635174558395,0.001164441229775548
0.0007111666116139127,0.0011595799587666988
0.0007085952959540818,0.0011598224518820643
0.0007107411050755116,0.0011620242148637772
0.0007133851396954722,0.0011622473830357194
0.0007101552312572797,0.0011583183659240603
0.0007070102058868441,0.001161445863544941
0.0007072584036116799,0.0011591848451644182
0.000708849395159632,0.001163411419838667
0.000708310703953935,0.0011595303658396006
0.00070832928073489,0.0011561602586880326
0.0007069225379058885,0.0011558163678273559
0.0007059696032148268,0.0011562402360141277
0.0007060005557205942,0.0011556957615539432
0.0007066270732320845,0.0011550949420779943
0.0007051294408221212,0.0011575272073969245
0.0007064465681711833,0.0011596990516409278
0.0007072062076379855,0.0011587314074859023
0.0007090624737449818,0.0011573360534384847
0.0007085849776760571,0.0011588837951421738
0.0007071478553633723,0.0011576409451663494
0.0007096013424193694,0.0011591839138418436
0.0007104310693426265,0.0011585816973820329
0.0007069620464204086,0.001160302315838635
0.0007067102080004083,0.0011584797175601125
0.0007061500730924309,0.0011566305765882134
0.0007060711626480851,0.0011550512863323092
0.0007058545067492459,0.001154733239673078
0.0007088905446127885,0.0011578308185562491
0.0007058908909352289,0.0011548128677532077
0.0007059166435566213,0.0011564099695533514
0.0007063011111070712,0.0011574889067560434
0.000703785734044181,0.0011564658489078283
0.0007040425120956368,0.0011550686322152615
0.0007044265095868872,0.0011557239340618253
0.0007044039819286102,0.001155174570158124
0.0007046620366680953,0.0011572244111448526
0.0007036317134689954,0.0011570174247026443
0.000705126280275484,0.0011559099657461047
0.0007054704738159974,0.001156061771325767
0.0007049693894158634,0.0011541479034349322
0.000703257675955279,0.001155631965957582
0.0007028826675377786,0.0011535983067005873
0.0007048983998700148,0.001157494611106813
0.0007061123832439383,0.001157258404418826
0.000705335487663332,0.0011550061171874404
0.0007048396590269274,0.001153879682533443
0.0007034912971883184,0.001153454533778131
0.0007022739398396678,0.0011532783973962069
0.0007036334229633212,0.001154493074864149
0.0007035426935181021,0.0011535079684108496
0.000703872569784936,0.001152737531810999
0.0007029015125913753,0.0011534244986250997
0.0007026484194729063,0.0011535811936482787
0.0007020348540714218,0.001154649187810719
0.0007024319446645677,0.0011532717617228627
0.0007013809918943379,0.0011531698983162642
0.000701702481860088,0.0011536161182448268
0.0007012897440128856,0.0011527802562341094
0.0007018598665793737,0.0011526014422997832
0.0007017186397893561,0.001151566975750029
0.0007018135863149332,0.0011531907366588712
0.0007014098341783715,0.0011510587064549327
0.0007015400139304498,0.0011529416078701615
0.0007042361720879045,0.0011556866811588407
0.0007024731171420879,0.0011542350985109806
0.0007018202745045224,0.001153077115304768
0.0007005908692048656,0.0011510771000757813
0.0007022330330477821,0.0011529031908139586
0.0007010147231630981,0.0011520591797307134
0.0007007839393595027,0.0011533212382346392
0.0007008673121324843,0.0011526471935212612
0.0007010122272185981,0.0011526084272190928
0.0007026720980906653,0.001153646851889789
0.0007018112432625558,0.0011527371825650334
0.0007012569048028025,0.0011545238085091114
0.0007013206600418521,0.00115337991155684
0.0007001954265352752,0.001151015399955213
0.0007000449072155688,0.0011498414678499103
0.0007000673223390348,0.0011495024664327502
0.0007000060601987773,0.001150763127952814
0.0007001736408306493,0.0011523308930918574
0.0007007167503858606,0.001152588869445026
0.0006997721466339297,0.0011509809410199523
0.0006997855623356171,0.0011509052710607648
0.0007011358044110239,0.001151285832747817
0.0007004755717288289,0.0011518965475261211
0.0007001830249403914,0.0011501373955979943
0.0006994466768163774,0.0011504110880196095
0.0006992333299583859,0.0011504043359309435
0.0006991675485753351,0.0011519062099978328
0.00069925664147983,0.0011511596385389566
0.0006990161235444248,0.0011499488027766347
0.0006989699193379945,0.0011481979163363576
0.0006996475149773889,0.0011501810513436794
0.0006998129527912371,0.0011488376185297966
0.0006994671201229923,0.0011500976979732513
0.0007002217198411624,0.001151079311966896
0.0007012740538145105,0.001152626471593976
0.0007001702979000078,0.001150782685726881
0.0006992323321497275,0.0011506564915180206
0.0006997421841757993,0.0011518375249579549
0.000700135479370753,0.0011511712800711393
0.0006988472739855448,0.0011496065417304635
0.0006987807276244793,0.0011501072440296412
0.000699120514974412,0.0011498130625113845
0.0006996113597415388,0.0011504412395879626
0.0006997886543265647,0.0011506200535222888
0.0006984369542139271,0.001148940995335579
0.0006976521915445725,0.0011491720797494054
0.000698130870393167,0.001149734016507864
0.0006984077132720914,0.0011498702224344015
0.0006990103656426072,0.0011503741843625903
0.0006983923604194489,0.0011493486817926168
0.0006986840268493527,0.0011499023530632257
0.000698275227461838,0.0011492292396724224
0.0006980911875143647,0.0011490064207464457
0.0006977789652430349,0.0011495959479361773
0.0006977840197376079,0.0011494423961266875
0.0006975494027655158,0.001147985691204667
0.0006974204381306966,0.0011494486825540662
0.0006978842918761074,0.0011488652089610696
0.0006982148909527395,0.0011490691686049104
0.0006981004063143498,0.0011487171286717057
0.0006973614724766877,0.001148696057498455
0.0006977790537186795,0.0011491964105516672
0.0006971935252659023,0.0011487321462482214
0.0006972802489892476,0.0011471734615042806
0.0006972477189265191,0.0011491645127534866
0.0006973227892174489,0.0011497766245156527
0.0006975283230551416,0.0011488529853522778
0.0006979070766828954,0.0011490483302623034
0.0006975961210102671,0.0011495911749079823
0.0006972787368835675,0.0011487710289657116
0.0006973070677162872,0.0011481479741632938
0.000697093583488216,0.0011484944261610508
0.0006974616271650625,0.0011485517024993896
0.0006975540389410323,0.0011489370372146368
0.0006971754436381161,0.0011482506524771452
0.0006972255526731412,0.001148913288488984
0.0006971536863905688,0.0011489038588479161
0.0006969403022796743,0.0011483838316053152
0.0006971083216679593,0.001147730858065188
0.0006964157338047193,0.0011484695132821798
0.0006964016462572747,0.0011489292373880744
0.0006967330284209715,0.0011486327275633812
0.000696692968873928,0.0011494222562760115
0.0006967785051609907,0.001148373237811029
0.0006968485325988796,0.001148547395132482
0.0006961980705252952,0.0011484099086374044
0.000696375179104507,0.0011472332989796996
0.000696440513452722,0.0011475071078166366
0.0006965761618792183,0.0011477085063233972
0.0006964593266861306,0.001148682669736445
0.0006964948017978005,0.0011474573984742165
0.0006966095585893426,0.001147573348134756
0.0006963717601158552,0.0011469495948404074
0.0006960334670212534,0.0011479113018140197
0.0006963069778349665,0.0011475625215098262
0.0006964149279519915,0.0011475719511508942
0.0006964334240183234,0.0011482464615255594
0.0006965275758153035,0.0011472319019958377
0.0006967409169818792,0.0011472838232293725
0.0006962812226265669,0.0011474824277684093
0.0006962364529156023,0.0011473589111119509
0.0006961173305494918,0.001147052156738937
0.0006960003471208943,0.0011474534403532743
0.0006959761870611045,0.001147072878666222
0.000695738598652598,0.0011483768466860056
0.0006959274874275757,0.0011480734683573246
0.0006958468643844956,0.0011481496039777994
0.0006964358896948397,0.001148188253864646
0.0006961068014303843,0.0011474573984742165
0.000695960622591277,0.0011477820808067918
0.0006956749274912808,0.0011475611245259643
0.000695723449656119,0.0011472704354673624
0.000695876245542119,0.001147196744568646
0.0006959885777905584,0.001147836446762085
0.0006958650818301572,0.001146544935181737
0.0006957163004618552,0.0011475479695945978
0.0006958003073102898,0.0011473967460915446
0.0006957728832235766,0.0011469298042356968
0.0006960858226132889,0.0011478066444396973
0.0006963060475471946,0.0011476463405415416
0.0006963148040490018,0.0011476464569568634
